Workflow File,Run ID,Workflow Name,Status,Conclusion,RSpec Identifier
brakeman.yml,8240207425,brakeman,completed,failure,brakeman-7425
brakeman.yml,8240207425,brakeman,completed,failure,brakeman-7425
brakeman.yml,8240122494,brakeman,completed,failure,brakeman-2494
brakeman.yml,8240122494,brakeman,completed,failure,brakeman-2494
brakeman.yml,8240119353,brakeman,completed,failure,brakeman-9353
brakeman.yml,8240119353,brakeman,completed,failure,brakeman-9353
brakeman.yml,8240104850,brakeman,completed,failure,brakeman-4850
brakeman.yml,8240104850,brakeman,completed,failure,brakeman-4850
brakeman.yml,8195215014,brakeman,completed,failure,brakeman-5014
brakeman.yml,8195215014,brakeman,completed,failure,brakeman-5014
brakeman.yml,8240207425,brakeman,completed,failure,brakeman-7425
brakeman.yml,8240207425,brakeman,completed,failure,brakeman-7425
brakeman.yml,8240122494,brakeman,completed,failure,brakeman-2494
brakeman.yml,8240122494,brakeman,completed,failure,brakeman-2494
factory-bot-lint.yml,8181483367,factory bot lint,completed,failure,factory-bot-lint-3367
factory-bot-lint.yml,8181483367,factory bot lint,completed,failure,factory-bot-lint-3367
plantuml.yml,8265390707,Generate PlantUML,completed,failure,plantuml-0707
plantuml.yml,8265390707,Generate PlantUML,completed,failure,plantuml-0707
plantuml.yml,8208594831,Generate PlantUML,completed,failure,plantuml-4831
plantuml.yml,8208594831,Generate PlantUML,completed,failure,plantuml-4831
plantuml.yml,8141932194,Generate PlantUML,completed,failure,plantuml-2194
plantuml.yml,8141932194,Generate PlantUML,completed,failure,plantuml-2194
plantuml.yml,8131372911,Generate PlantUML,completed,failure,plantuml-2911
plantuml.yml,8131372911,Generate PlantUML,completed,failure,plantuml-2911
plantuml.yml,8131371730,Generate PlantUML,completed,failure,plantuml-1730
plantuml.yml,8131371730,Generate PlantUML,completed,failure,plantuml-1730
plantuml.yml,8131371498,Generate PlantUML,completed,failure,plantuml-1498
plantuml.yml,8131371498,Generate PlantUML,completed,failure,plantuml-1498
plantuml.yml,8208594831,Generate PlantUML,completed,failure,plantuml-4831
plantuml.yml,8208594831,Generate PlantUML,completed,failure,plantuml-4831
rspec-events.yml,8269133348,rspec-events,completed,failure,rspec-events-3348
rspec-events.yml,8269133348,rspec-events,completed,failure,rspec-events-3348
rspec-events.yml,8269133348,rspec-events,completed,failure,rspec-events-3348
rspec-events.yml,8228582003,rspec-events,completed,failure,rspec-events-2003
rspec-events.yml,8228582003,rspec-events,completed,failure,rspec-events-2003
rspec-events.yml,8228582003,rspec-events,completed,failure,rspec-events-2003
rspec-events.yml,8228574711,rspec-events,completed,failure,rspec-events-4711
rspec-events.yml,8228574711,rspec-events,completed,failure,rspec-events-4711
rspec-events.yml,8228574711,rspec-events,completed,failure,rspec-events-4711
rspec-events.yml,8227568715,rspec-events,completed,failure,rspec-events-8715
rspec-events.yml,8227568715,rspec-events,completed,failure,rspec-events-8715
rspec-events.yml,8227568715,rspec-events,completed,failure,rspec-events-8715
rspec-events.yml,8222847297,rspec-events,completed,failure,rspec-events-7297
rspec-events.yml,8222847297,rspec-events,completed,failure,rspec-events-7297
rspec-events.yml,8222847297,rspec-events,completed,failure,rspec-events-7297
rspec-events.yml,8210335638,rspec-events,completed,failure,rspec-events-5638
rspec-events.yml,8210335638,rspec-events,completed,failure,rspec-events-5638
rspec-events.yml,8210335638,rspec-events,completed,failure,rspec-events-5638
rspec-events.yml,8195215016,rspec-events,completed,failure,rspec-events-5016
rspec-events.yml,8195215016,rspec-events,completed,failure,rspec-events-5016
rspec-events.yml,8195215016,rspec-events,completed,failure,rspec-events-5016
rspec-events.yml,8181705772,rspec-events,completed,failure,rspec-events-5772
rspec-events.yml,8181705772,rspec-events,completed,failure,rspec-events-5772
rspec-events.yml,8181705772,rspec-events,completed,failure,rspec-events-5772
rspec-events.yml,8181648125,rspec-events,completed,failure,rspec-events-8125
rspec-events.yml,8181648125,rspec-events,completed,failure,rspec-events-8125
rspec-events.yml,8181648125,rspec-events,completed,failure,rspec-events-8125
rspec-events.yml,8181634441,rspec-events,completed,failure,rspec-events-4441
rspec-events.yml,8181634441,rspec-events,completed,failure,rspec-events-4441
rspec-events.yml,8181634441,rspec-events,completed,failure,rspec-events-4441
rspec-events.yml,8181483372,rspec-events,completed,failure,rspec-events-3372
rspec-events.yml,8181483372,rspec-events,completed,failure,rspec-events-3372
rspec-events.yml,8181483372,rspec-events,completed,failure,rspec-events-3372
rspec-system-events.yml,8270574823,rspec-system-events,completed,failure,rspec-system-events-4823
rspec-system-events.yml,8270574823,rspec-system-events,completed,failure,rspec-system-events-4823
rspec-system-events.yml,8270574823,rspec-system-events,completed,failure,rspec-system-events-4823
rspec-system-events.yml,8270574823,rspec-system-events,completed,failure,rspec-system-events-4823
rspec-system-events.yml,8270574823,rspec-system-events,completed,failure,rspec-system-events-4823
rspec-system-events.yml,8270574823,rspec-system-events,completed,failure,rspec-system-events-4823
rspec-system-events.yml,8270574823,rspec-system-events,completed,failure,rspec-system-events-4823
rspec-system-events.yml,8265431353,rspec-system-events,completed,failure,rspec-system-events-1353
rspec-system-events.yml,8265431353,rspec-system-events,completed,failure,rspec-system-events-1353
rspec-system-events.yml,8265431353,rspec-system-events,completed,failure,rspec-system-events-1353
rspec-system-events.yml,8265431353,rspec-system-events,completed,failure,rspec-system-events-1353
rspec-system-events.yml,8265431353,rspec-system-events,completed,failure,rspec-system-events-1353
rspec-system-events.yml,8265431353,rspec-system-events,completed,failure,rspec-system-events-1353
rspec-system-events.yml,8265431353,rspec-system-events,completed,failure,rspec-system-events-1353
rspec-system-events.yml,8259177603,rspec-system-events,completed,failure,rspec-system-events-7603
rspec-system-events.yml,8259177603,rspec-system-events,completed,failure,rspec-system-events-7603
rspec-system-events.yml,8259177603,rspec-system-events,completed,failure,rspec-system-events-7603
rspec-system-events.yml,8259177603,rspec-system-events,completed,failure,rspec-system-events-7603
rspec-system-events.yml,8259177603,rspec-system-events,completed,failure,rspec-system-events-7603
rspec-system-events.yml,8259177603,rspec-system-events,completed,failure,rspec-system-events-7603
rspec-system-events.yml,8259177603,rspec-system-events,completed,failure,rspec-system-events-7603
rspec-system-events.yml,8256286175,rspec-system-events,completed,failure,rspec-system-events-6175
rspec-system-events.yml,8256286175,rspec-system-events,completed,failure,rspec-system-events-6175
rspec-system-events.yml,8256286175,rspec-system-events,completed,failure,rspec-system-events-6175
rspec-system-events.yml,8256286175,rspec-system-events,completed,failure,rspec-system-events-6175
rspec-system-events.yml,8256286175,rspec-system-events,completed,failure,rspec-system-events-6175
rspec-system-events.yml,8256286175,rspec-system-events,completed,failure,rspec-system-events-6175
rspec-system-events.yml,8256286175,rspec-system-events,completed,failure,rspec-system-events-6175
rspec-system-events.yml,8256232337,rspec-system-events,completed,failure,rspec-system-events-2337
rspec-system-events.yml,8256232337,rspec-system-events,completed,failure,rspec-system-events-2337
rspec-system-events.yml,8256232337,rspec-system-events,completed,failure,rspec-system-events-2337
rspec-system-events.yml,8256232337,rspec-system-events,completed,failure,rspec-system-events-2337
rspec-system-events.yml,8256232337,rspec-system-events,completed,failure,rspec-system-events-2337
rspec-system-events.yml,8256232337,rspec-system-events,completed,failure,rspec-system-events-2337
rspec-system-events.yml,8256232337,rspec-system-events,completed,failure,rspec-system-events-2337
rspec-system-events.yml,8256113340,rspec-system-events,completed,failure,rspec-system-events-3340
rspec-system-events.yml,8256113340,rspec-system-events,completed,failure,rspec-system-events-3340
rspec-system-events.yml,8256113340,rspec-system-events,completed,failure,rspec-system-events-3340
rspec-system-events.yml,8256113340,rspec-system-events,completed,failure,rspec-system-events-3340
rspec-system-events.yml,8256113340,rspec-system-events,completed,failure,rspec-system-events-3340
rspec-system-events.yml,8256113340,rspec-system-events,completed,failure,rspec-system-events-3340
rspec-system-events.yml,8256113340,rspec-system-events,completed,failure,rspec-system-events-3340
rspec-system-events.yml,8255867389,rspec-system-events,completed,failure,rspec-system-events-7389
rspec-system-events.yml,8255867389,rspec-system-events,completed,failure,rspec-system-events-7389
rspec-system-events.yml,8255867389,rspec-system-events,completed,failure,rspec-system-events-7389
rspec-system-events.yml,8255867389,rspec-system-events,completed,failure,rspec-system-events-7389
rspec-system-events.yml,8255867389,rspec-system-events,completed,failure,rspec-system-events-7389
rspec-system-events.yml,8255867389,rspec-system-events,completed,failure,rspec-system-events-7389
rspec-system-events.yml,8255867389,rspec-system-events,completed,failure,rspec-system-events-7389
rspec-system-events.yml,8255366747,rspec-system-events,completed,failure,rspec-system-events-6747
rspec-system-events.yml,8255366747,rspec-system-events,completed,failure,rspec-system-events-6747
rspec-system-events.yml,8255366747,rspec-system-events,completed,failure,rspec-system-events-6747
rspec-system-events.yml,8255366747,rspec-system-events,completed,failure,rspec-system-events-6747
rspec-system-events.yml,8255366747,rspec-system-events,completed,failure,rspec-system-events-6747
rspec-system-events.yml,8255366747,rspec-system-events,completed,failure,rspec-system-events-6747
rspec-system-events.yml,8255366747,rspec-system-events,completed,failure,rspec-system-events-6747
rspec-system-events.yml,8254466416,rspec-system-events,completed,failure,rspec-system-events-6416
rspec-system-events.yml,8254466416,rspec-system-events,completed,failure,rspec-system-events-6416
rspec-system-events.yml,8254466416,rspec-system-events,completed,failure,rspec-system-events-6416
rspec-system-events.yml,8254466416,rspec-system-events,completed,failure,rspec-system-events-6416
rspec-system-events.yml,8254466416,rspec-system-events,completed,failure,rspec-system-events-6416
rspec-system-events.yml,8254466416,rspec-system-events,completed,failure,rspec-system-events-6416
rspec-system-events.yml,8254466416,rspec-system-events,completed,failure,rspec-system-events-6416
rspec-system-events.yml,8244727465,rspec-system-events,completed,failure,rspec-system-events-7465
rspec-system-events.yml,8244727465,rspec-system-events,completed,failure,rspec-system-events-7465
rspec-system-events.yml,8244727465,rspec-system-events,completed,failure,rspec-system-events-7465
rspec-system-events.yml,8244727465,rspec-system-events,completed,failure,rspec-system-events-7465
rspec-system-events.yml,8244727465,rspec-system-events,completed,failure,rspec-system-events-7465
rspec-system-events.yml,8244727465,rspec-system-events,completed,failure,rspec-system-events-7465
rspec-system-events.yml,8244727465,rspec-system-events,completed,failure,rspec-system-events-7465
rspec-system-events.yml,8244637825,rspec-system-events,completed,failure,rspec-system-events-7825
rspec-system-events.yml,8244637825,rspec-system-events,completed,failure,rspec-system-events-7825
rspec-system-events.yml,8244637825,rspec-system-events,completed,failure,rspec-system-events-7825
rspec-system-events.yml,8244637825,rspec-system-events,completed,failure,rspec-system-events-7825
rspec-system-events.yml,8244637825,rspec-system-events,completed,failure,rspec-system-events-7825
rspec-system-events.yml,8244637825,rspec-system-events,completed,failure,rspec-system-events-7825
rspec-system-events.yml,8244637825,rspec-system-events,completed,failure,rspec-system-events-7825
rspec-system-events.yml,8244634638,rspec-system-events,completed,failure,rspec-system-events-4638
rspec-system-events.yml,8244634638,rspec-system-events,completed,failure,rspec-system-events-4638
rspec-system-events.yml,8244634638,rspec-system-events,completed,failure,rspec-system-events-4638
rspec-system-events.yml,8244634638,rspec-system-events,completed,failure,rspec-system-events-4638
rspec-system-events.yml,8244634638,rspec-system-events,completed,failure,rspec-system-events-4638
rspec-system-events.yml,8244634638,rspec-system-events,completed,failure,rspec-system-events-4638
rspec-system-events.yml,8244634638,rspec-system-events,completed,failure,rspec-system-events-4638
rspec-system-events.yml,8244531648,rspec-system-events,completed,failure,rspec-system-events-1648
rspec-system-events.yml,8244531648,rspec-system-events,completed,failure,rspec-system-events-1648
rspec-system-events.yml,8244531648,rspec-system-events,completed,failure,rspec-system-events-1648
rspec-system-events.yml,8244531648,rspec-system-events,completed,failure,rspec-system-events-1648
rspec-system-events.yml,8244531648,rspec-system-events,completed,failure,rspec-system-events-1648
rspec-system-events.yml,8244531648,rspec-system-events,completed,failure,rspec-system-events-1648
rspec-system-events.yml,8244531648,rspec-system-events,completed,failure,rspec-system-events-1648
rspec-system-events.yml,8244511107,rspec-system-events,completed,failure,rspec-system-events-1107
rspec-system-events.yml,8244511107,rspec-system-events,completed,failure,rspec-system-events-1107
rspec-system-events.yml,8244511107,rspec-system-events,completed,failure,rspec-system-events-1107
rspec-system-events.yml,8244511107,rspec-system-events,completed,failure,rspec-system-events-1107
rspec-system-events.yml,8244511107,rspec-system-events,completed,failure,rspec-system-events-1107
rspec-system-events.yml,8244511107,rspec-system-events,completed,failure,rspec-system-events-1107
rspec-system-events.yml,8244511107,rspec-system-events,completed,failure,rspec-system-events-1107
rspec-system-events.yml,8244488032,rspec-system-events,completed,failure,rspec-system-events-8032
rspec-system-events.yml,8244488032,rspec-system-events,completed,failure,rspec-system-events-8032
rspec-system-events.yml,8244488032,rspec-system-events,completed,failure,rspec-system-events-8032
rspec-system-events.yml,8244488032,rspec-system-events,completed,failure,rspec-system-events-8032
rspec-system-events.yml,8244488032,rspec-system-events,completed,failure,rspec-system-events-8032
rspec-system-events.yml,8244488032,rspec-system-events,completed,failure,rspec-system-events-8032
rspec-system-events.yml,8244488032,rspec-system-events,completed,failure,rspec-system-events-8032
rspec-system-events.yml,8241674189,rspec-system-events,completed,failure,rspec-system-events-4189
rspec-system-events.yml,8241674189,rspec-system-events,completed,failure,rspec-system-events-4189
rspec-system-events.yml,8241674189,rspec-system-events,completed,failure,rspec-system-events-4189
rspec-system-events.yml,8241674189,rspec-system-events,completed,failure,rspec-system-events-4189
rspec-system-events.yml,8241674189,rspec-system-events,completed,failure,rspec-system-events-4189
rspec-system-events.yml,8241674189,rspec-system-events,completed,failure,rspec-system-events-4189
rspec-system-events.yml,8241674189,rspec-system-events,completed,failure,rspec-system-events-4189
rspec-system-events.yml,8240207427,rspec-system-events,completed,failure,rspec-system-events-7427
rspec-system-events.yml,8240207427,rspec-system-events,completed,failure,rspec-system-events-7427
rspec-system-events.yml,8240207427,rspec-system-events,completed,failure,rspec-system-events-7427
rspec-system-events.yml,8240207427,rspec-system-events,completed,failure,rspec-system-events-7427
rspec-system-events.yml,8240207427,rspec-system-events,completed,failure,rspec-system-events-7427
rspec-system-events.yml,8240207427,rspec-system-events,completed,failure,rspec-system-events-7427
rspec-system-events.yml,8240207427,rspec-system-events,completed,failure,rspec-system-events-7427
rspec-system-events.yml,8240119356,rspec-system-events,completed,failure,rspec-system-events-9356
rspec-system-events.yml,8240119356,rspec-system-events,completed,failure,rspec-system-events-9356
rspec-system-events.yml,8240119356,rspec-system-events,completed,failure,rspec-system-events-9356
rspec-system-events.yml,8240119356,rspec-system-events,completed,failure,rspec-system-events-9356
rspec-system-events.yml,8240119356,rspec-system-events,completed,failure,rspec-system-events-9356
rspec-system-events.yml,8240119356,rspec-system-events,completed,failure,rspec-system-events-9356
rspec-system-events.yml,8240119356,rspec-system-events,completed,failure,rspec-system-events-9356
rspec-system-events.yml,8237332341,rspec-system-events,completed,failure,rspec-system-events-2341
rspec-system-events.yml,8237332341,rspec-system-events,completed,failure,rspec-system-events-2341
rspec-system-events.yml,8237332341,rspec-system-events,completed,failure,rspec-system-events-2341
rspec-system-events.yml,8237332341,rspec-system-events,completed,failure,rspec-system-events-2341
rspec-system-events.yml,8237332341,rspec-system-events,completed,failure,rspec-system-events-2341
rspec-system-events.yml,8237332341,rspec-system-events,completed,failure,rspec-system-events-2341
rspec-system-events.yml,8237332341,rspec-system-events,completed,failure,rspec-system-events-2341
rspec-system-events.yml,8235909717,rspec-system-events,completed,failure,rspec-system-events-9717
rspec-system-events.yml,8235909717,rspec-system-events,completed,failure,rspec-system-events-9717
rspec-system-events.yml,8235909717,rspec-system-events,completed,failure,rspec-system-events-9717
rspec-system-events.yml,8235909717,rspec-system-events,completed,failure,rspec-system-events-9717
rspec-system-events.yml,8235909717,rspec-system-events,completed,failure,rspec-system-events-9717
rspec-system-events.yml,8235909717,rspec-system-events,completed,failure,rspec-system-events-9717
rspec-system-events.yml,8235909717,rspec-system-events,completed,failure,rspec-system-events-9717
rspec-system-events.yml,8235197721,rspec-system-events,completed,failure,rspec-system-events-7721
rspec-system-events.yml,8235197721,rspec-system-events,completed,failure,rspec-system-events-7721
rspec-system-events.yml,8235197721,rspec-system-events,completed,failure,rspec-system-events-7721
rspec-system-events.yml,8235197721,rspec-system-events,completed,failure,rspec-system-events-7721
rspec-system-events.yml,8235197721,rspec-system-events,completed,failure,rspec-system-events-7721
rspec-system-events.yml,8235197721,rspec-system-events,completed,failure,rspec-system-events-7721
rspec-system-events.yml,8235197721,rspec-system-events,completed,failure,rspec-system-events-7721
rspec-system-events.yml,8228943937,rspec-system-events,completed,failure,rspec-system-events-3937
rspec-system-events.yml,8228943937,rspec-system-events,completed,failure,rspec-system-events-3937
rspec-system-events.yml,8228943937,rspec-system-events,completed,failure,rspec-system-events-3937
rspec-system-events.yml,8228943937,rspec-system-events,completed,failure,rspec-system-events-3937
rspec-system-events.yml,8228943937,rspec-system-events,completed,failure,rspec-system-events-3937
rspec-system-events.yml,8228943937,rspec-system-events,completed,failure,rspec-system-events-3937
rspec-system-events.yml,8228943937,rspec-system-events,completed,failure,rspec-system-events-3937
rspec-system-events.yml,8228581996,rspec-system-events,completed,failure,rspec-system-events-1996
rspec-system-events.yml,8228581996,rspec-system-events,completed,failure,rspec-system-events-1996
rspec-system-events.yml,8228581996,rspec-system-events,completed,failure,rspec-system-events-1996
rspec-system-events.yml,8228581996,rspec-system-events,completed,failure,rspec-system-events-1996
rspec-system-events.yml,8228581996,rspec-system-events,completed,failure,rspec-system-events-1996
rspec-system-events.yml,8228581996,rspec-system-events,completed,failure,rspec-system-events-1996
rspec-system-events.yml,8228581996,rspec-system-events,completed,failure,rspec-system-events-1996
rspec-system-events.yml,8227825301,rspec-system-events,completed,failure,rspec-system-events-5301
rspec-system-events.yml,8227825301,rspec-system-events,completed,failure,rspec-system-events-5301
rspec-system-events.yml,8227825301,rspec-system-events,completed,failure,rspec-system-events-5301
rspec-system-events.yml,8227825301,rspec-system-events,completed,failure,rspec-system-events-5301
rspec-system-events.yml,8227825301,rspec-system-events,completed,failure,rspec-system-events-5301
rspec-system-events.yml,8227825301,rspec-system-events,completed,failure,rspec-system-events-5301
rspec-system-events.yml,8227825301,rspec-system-events,completed,failure,rspec-system-events-5301
rspec-system-events.yml,8227818350,rspec-system-events,completed,failure,rspec-system-events-8350
rspec-system-events.yml,8227818350,rspec-system-events,completed,failure,rspec-system-events-8350
rspec-system-events.yml,8227818350,rspec-system-events,completed,failure,rspec-system-events-8350
rspec-system-events.yml,8227818350,rspec-system-events,completed,failure,rspec-system-events-8350
rspec-system-events.yml,8227818350,rspec-system-events,completed,failure,rspec-system-events-8350
rspec-system-events.yml,8227818350,rspec-system-events,completed,failure,rspec-system-events-8350
rspec-system-events.yml,8227818350,rspec-system-events,completed,failure,rspec-system-events-8350
rspec-system-events.yml,8227713269,rspec-system-events,completed,failure,rspec-system-events-3269
rspec-system-events.yml,8227713269,rspec-system-events,completed,failure,rspec-system-events-3269
rspec-system-events.yml,8227713269,rspec-system-events,completed,failure,rspec-system-events-3269
rspec-system-events.yml,8227713269,rspec-system-events,completed,failure,rspec-system-events-3269
rspec-system-events.yml,8227713269,rspec-system-events,completed,failure,rspec-system-events-3269
rspec-system-events.yml,8227713269,rspec-system-events,completed,failure,rspec-system-events-3269
rspec-system-events.yml,8227713269,rspec-system-events,completed,failure,rspec-system-events-3269
rspec-system-events.yml,8227579263,rspec-system-events,completed,failure,rspec-system-events-9263
rspec-system-events.yml,8227579263,rspec-system-events,completed,failure,rspec-system-events-9263
rspec-system-events.yml,8227579263,rspec-system-events,completed,failure,rspec-system-events-9263
rspec-system-events.yml,8227579263,rspec-system-events,completed,failure,rspec-system-events-9263
rspec-system-events.yml,8227579263,rspec-system-events,completed,failure,rspec-system-events-9263
rspec-system-events.yml,8227579263,rspec-system-events,completed,failure,rspec-system-events-9263
rspec-system-events.yml,8227579263,rspec-system-events,completed,failure,rspec-system-events-9263
rspec-system-events.yml,8227568721,rspec-system-events,completed,failure,rspec-system-events-8721
rspec-system-events.yml,8227568721,rspec-system-events,completed,failure,rspec-system-events-8721
rspec-system-events.yml,8227568721,rspec-system-events,completed,failure,rspec-system-events-8721
rspec-system-events.yml,8227568721,rspec-system-events,completed,failure,rspec-system-events-8721
rspec-system-events.yml,8227568721,rspec-system-events,completed,failure,rspec-system-events-8721
rspec-system-events.yml,8227568721,rspec-system-events,completed,failure,rspec-system-events-8721
rspec-system-events.yml,8227568721,rspec-system-events,completed,failure,rspec-system-events-8721
rspec-system-events.yml,8227504504,rspec-system-events,completed,failure,rspec-system-events-4504
rspec-system-events.yml,8227504504,rspec-system-events,completed,failure,rspec-system-events-4504
rspec-system-events.yml,8227504504,rspec-system-events,completed,failure,rspec-system-events-4504
rspec-system-events.yml,8227504504,rspec-system-events,completed,failure,rspec-system-events-4504
rspec-system-events.yml,8227504504,rspec-system-events,completed,failure,rspec-system-events-4504
rspec-system-events.yml,8227504504,rspec-system-events,completed,failure,rspec-system-events-4504
rspec-system-events.yml,8227504504,rspec-system-events,completed,failure,rspec-system-events-4504
rspec-system-events.yml,8227339369,rspec-system-events,completed,failure,rspec-system-events-9369
rspec-system-events.yml,8227339369,rspec-system-events,completed,failure,rspec-system-events-9369
rspec-system-events.yml,8227339369,rspec-system-events,completed,failure,rspec-system-events-9369
rspec-system-events.yml,8227339369,rspec-system-events,completed,failure,rspec-system-events-9369
rspec-system-events.yml,8227339369,rspec-system-events,completed,failure,rspec-system-events-9369
rspec-system-events.yml,8227339369,rspec-system-events,completed,failure,rspec-system-events-9369
rspec-system-events.yml,8227339369,rspec-system-events,completed,failure,rspec-system-events-9369
rspec-system-events.yml,8226840850,rspec-system-events,completed,failure,rspec-system-events-0850
rspec-system-events.yml,8226840850,rspec-system-events,completed,failure,rspec-system-events-0850
rspec-system-events.yml,8226840850,rspec-system-events,completed,failure,rspec-system-events-0850
rspec-system-events.yml,8226840850,rspec-system-events,completed,failure,rspec-system-events-0850
rspec-system-events.yml,8226840850,rspec-system-events,completed,failure,rspec-system-events-0850
rspec-system-events.yml,8226840850,rspec-system-events,completed,failure,rspec-system-events-0850
rspec-system-events.yml,8226840850,rspec-system-events,completed,failure,rspec-system-events-0850
rspec-system-events.yml,8224743351,rspec-system-events,completed,failure,rspec-system-events-3351
rspec-system-events.yml,8224743351,rspec-system-events,completed,failure,rspec-system-events-3351
rspec-system-events.yml,8224743351,rspec-system-events,completed,failure,rspec-system-events-3351
rspec-system-events.yml,8224743351,rspec-system-events,completed,failure,rspec-system-events-3351
rspec-system-events.yml,8224743351,rspec-system-events,completed,failure,rspec-system-events-3351
rspec-system-events.yml,8224743351,rspec-system-events,completed,failure,rspec-system-events-3351
rspec-system-events.yml,8224743351,rspec-system-events,completed,failure,rspec-system-events-3351
rspec-system-events.yml,8223324901,rspec-system-events,completed,failure,rspec-system-events-4901
rspec-system-events.yml,8223324901,rspec-system-events,completed,failure,rspec-system-events-4901
rspec-system-events.yml,8223324901,rspec-system-events,completed,failure,rspec-system-events-4901
rspec-system-events.yml,8223324901,rspec-system-events,completed,failure,rspec-system-events-4901
rspec-system-events.yml,8223324901,rspec-system-events,completed,failure,rspec-system-events-4901
rspec-system-events.yml,8223324901,rspec-system-events,completed,failure,rspec-system-events-4901
rspec-system-events.yml,8223324901,rspec-system-events,completed,failure,rspec-system-events-4901
rspec-system-events.yml,8223317622,rspec-system-events,completed,failure,rspec-system-events-7622
rspec-system-events.yml,8223317622,rspec-system-events,completed,failure,rspec-system-events-7622
rspec-system-events.yml,8223317622,rspec-system-events,completed,failure,rspec-system-events-7622
rspec-system-events.yml,8223317622,rspec-system-events,completed,failure,rspec-system-events-7622
rspec-system-events.yml,8223317622,rspec-system-events,completed,failure,rspec-system-events-7622
rspec-system-events.yml,8223317622,rspec-system-events,completed,failure,rspec-system-events-7622
rspec-system-events.yml,8223317622,rspec-system-events,completed,failure,rspec-system-events-7622
rspec-system-events.yml,8223148341,rspec-system-events,completed,failure,rspec-system-events-8341
rspec-system-events.yml,8223148341,rspec-system-events,completed,failure,rspec-system-events-8341
rspec-system-events.yml,8223148341,rspec-system-events,completed,failure,rspec-system-events-8341
rspec-system-events.yml,8223148341,rspec-system-events,completed,failure,rspec-system-events-8341
rspec-system-events.yml,8223148341,rspec-system-events,completed,failure,rspec-system-events-8341
rspec-system-events.yml,8223148341,rspec-system-events,completed,failure,rspec-system-events-8341
rspec-system-events.yml,8223148341,rspec-system-events,completed,failure,rspec-system-events-8341
rspec-system-events.yml,8222847293,rspec-system-events,completed,failure,rspec-system-events-7293
rspec-system-events.yml,8222847293,rspec-system-events,completed,failure,rspec-system-events-7293
rspec-system-events.yml,8222847293,rspec-system-events,completed,failure,rspec-system-events-7293
rspec-system-events.yml,8222847293,rspec-system-events,completed,failure,rspec-system-events-7293
rspec-system-events.yml,8222847293,rspec-system-events,completed,failure,rspec-system-events-7293
rspec-system-events.yml,8222847293,rspec-system-events,completed,failure,rspec-system-events-7293
rspec-system-events.yml,8222847293,rspec-system-events,completed,failure,rspec-system-events-7293
rspec-system-events.yml,8209409255,rspec-system-events,completed,failure,rspec-system-events-9255
rspec-system-events.yml,8209409255,rspec-system-events,completed,failure,rspec-system-events-9255
rspec-system-events.yml,8209409255,rspec-system-events,completed,failure,rspec-system-events-9255
rspec-system-events.yml,8209409255,rspec-system-events,completed,failure,rspec-system-events-9255
rspec-system-events.yml,8209409255,rspec-system-events,completed,failure,rspec-system-events-9255
rspec-system-events.yml,8209409255,rspec-system-events,completed,failure,rspec-system-events-9255
rspec-system-events.yml,8209409255,rspec-system-events,completed,failure,rspec-system-events-9255
rspec-system-events.yml,8208499428,rspec-system-events,completed,failure,rspec-system-events-9428
rspec-system-events.yml,8208499428,rspec-system-events,completed,failure,rspec-system-events-9428
rspec-system-events.yml,8208499428,rspec-system-events,completed,failure,rspec-system-events-9428
rspec-system-events.yml,8208499428,rspec-system-events,completed,failure,rspec-system-events-9428
rspec-system-events.yml,8208499428,rspec-system-events,completed,failure,rspec-system-events-9428
rspec-system-events.yml,8208499428,rspec-system-events,completed,failure,rspec-system-events-9428
rspec-system-events.yml,8208499428,rspec-system-events,completed,failure,rspec-system-events-9428
rspec-system-events.yml,8183092287,rspec-system-events,completed,failure,rspec-system-events-2287
rspec-system-events.yml,8183092287,rspec-system-events,completed,failure,rspec-system-events-2287
rspec-system-events.yml,8183092287,rspec-system-events,completed,failure,rspec-system-events-2287
rspec-system-events.yml,8183092287,rspec-system-events,completed,failure,rspec-system-events-2287
rspec-system-events.yml,8183092287,rspec-system-events,completed,failure,rspec-system-events-2287
rspec-system-events.yml,8183092287,rspec-system-events,completed,failure,rspec-system-events-2287
rspec-system-events.yml,8183092287,rspec-system-events,completed,failure,rspec-system-events-2287
rspec-system-events.yml,8181757847,rspec-system-events,completed,failure,rspec-system-events-7847
rspec-system-events.yml,8181757847,rspec-system-events,completed,failure,rspec-system-events-7847
rspec-system-events.yml,8181757847,rspec-system-events,completed,failure,rspec-system-events-7847
rspec-system-events.yml,8181757847,rspec-system-events,completed,failure,rspec-system-events-7847
rspec-system-events.yml,8181757847,rspec-system-events,completed,failure,rspec-system-events-7847
rspec-system-events.yml,8181757847,rspec-system-events,completed,failure,rspec-system-events-7847
rspec-system-events.yml,8181757847,rspec-system-events,completed,failure,rspec-system-events-7847
rspec-system-events.yml,8181705765,rspec-system-events,completed,failure,rspec-system-events-5765
rspec-system-events.yml,8181705765,rspec-system-events,completed,failure,rspec-system-events-5765
rspec-system-events.yml,8181705765,rspec-system-events,completed,failure,rspec-system-events-5765
rspec-system-events.yml,8181705765,rspec-system-events,completed,failure,rspec-system-events-5765
rspec-system-events.yml,8181705765,rspec-system-events,completed,failure,rspec-system-events-5765
rspec-system-events.yml,8181705765,rspec-system-events,completed,failure,rspec-system-events-5765
rspec-system-events.yml,8181705765,rspec-system-events,completed,failure,rspec-system-events-5765
rspec-system-events.yml,8181648117,rspec-system-events,completed,failure,rspec-system-events-8117
rspec-system-events.yml,8181648117,rspec-system-events,completed,failure,rspec-system-events-8117
rspec-system-events.yml,8181648117,rspec-system-events,completed,failure,rspec-system-events-8117
rspec-system-events.yml,8181648117,rspec-system-events,completed,failure,rspec-system-events-8117
rspec-system-events.yml,8181648117,rspec-system-events,completed,failure,rspec-system-events-8117
rspec-system-events.yml,8181648117,rspec-system-events,completed,failure,rspec-system-events-8117
rspec-system-events.yml,8181648117,rspec-system-events,completed,failure,rspec-system-events-8117
rspec-system-events.yml,8181634447,rspec-system-events,completed,failure,rspec-system-events-4447
rspec-system-events.yml,8181634447,rspec-system-events,completed,failure,rspec-system-events-4447
rspec-system-events.yml,8181634447,rspec-system-events,completed,failure,rspec-system-events-4447
rspec-system-events.yml,8181634447,rspec-system-events,completed,failure,rspec-system-events-4447
rspec-system-events.yml,8181634447,rspec-system-events,completed,failure,rspec-system-events-4447
rspec-system-events.yml,8181634447,rspec-system-events,completed,failure,rspec-system-events-4447
rspec-system-events.yml,8181634447,rspec-system-events,completed,failure,rspec-system-events-4447
rspec-system-events.yml,8181483369,rspec-system-events,completed,failure,rspec-system-events-3369
rspec-system-events.yml,8181483369,rspec-system-events,completed,failure,rspec-system-events-3369
rspec-system-events.yml,8181483369,rspec-system-events,completed,failure,rspec-system-events-3369
rspec-system-events.yml,8181483369,rspec-system-events,completed,failure,rspec-system-events-3369
rspec-system-events.yml,8181483369,rspec-system-events,completed,failure,rspec-system-events-3369
rspec-system-events.yml,8181483369,rspec-system-events,completed,failure,rspec-system-events-3369
rspec-system-events.yml,8181483369,rspec-system-events,completed,failure,rspec-system-events-3369
rspec-system-events.yml,8178973950,rspec-system-events,completed,failure,rspec-system-events-3950
rspec-system-events.yml,8178973950,rspec-system-events,completed,failure,rspec-system-events-3950
rspec-system-events.yml,8178973950,rspec-system-events,completed,failure,rspec-system-events-3950
rspec-system-events.yml,8178973950,rspec-system-events,completed,failure,rspec-system-events-3950
rspec-system-events.yml,8178973950,rspec-system-events,completed,failure,rspec-system-events-3950
rspec-system-events.yml,8178973950,rspec-system-events,completed,failure,rspec-system-events-3950
rspec-system-events.yml,8178973950,rspec-system-events,completed,failure,rspec-system-events-3950
rspec-system-events.yml,8175504387,rspec-system-events,completed,failure,rspec-system-events-4387
rspec-system-events.yml,8175504387,rspec-system-events,completed,failure,rspec-system-events-4387
rspec-system-events.yml,8175504387,rspec-system-events,completed,failure,rspec-system-events-4387
rspec-system-events.yml,8175504387,rspec-system-events,completed,failure,rspec-system-events-4387
rspec-system-events.yml,8175504387,rspec-system-events,completed,failure,rspec-system-events-4387
rspec-system-events.yml,8175504387,rspec-system-events,completed,failure,rspec-system-events-4387
rspec-system-events.yml,8175504387,rspec-system-events,completed,failure,rspec-system-events-4387
rspec-system-events.yml,8255867389,rspec-system-events,completed,failure,rspec-system-events-7389
rspec-system-events.yml,8255867389,rspec-system-events,completed,failure,rspec-system-events-7389
rspec-system-events.yml,8255867389,rspec-system-events,completed,failure,rspec-system-events-7389
rspec-system-events.yml,8255867389,rspec-system-events,completed,failure,rspec-system-events-7389
rspec-system-events.yml,8255867389,rspec-system-events,completed,failure,rspec-system-events-7389
rspec-system-events.yml,8255867389,rspec-system-events,completed,failure,rspec-system-events-7389
rspec-system-events.yml,8255867389,rspec-system-events,completed,failure,rspec-system-events-7389
rspec-system-events.yml,8255366747,rspec-system-events,completed,failure,rspec-system-events-6747
rspec-system-events.yml,8255366747,rspec-system-events,completed,failure,rspec-system-events-6747
rspec-system-events.yml,8255366747,rspec-system-events,completed,failure,rspec-system-events-6747
rspec-system-events.yml,8255366747,rspec-system-events,completed,failure,rspec-system-events-6747
rspec-system-events.yml,8255366747,rspec-system-events,completed,failure,rspec-system-events-6747
rspec-system-events.yml,8255366747,rspec-system-events,completed,failure,rspec-system-events-6747
rspec-system-events.yml,8255366747,rspec-system-events,completed,failure,rspec-system-events-6747
rspec-system-events.yml,8254466416,rspec-system-events,completed,failure,rspec-system-events-6416
rspec-system-events.yml,8254466416,rspec-system-events,completed,failure,rspec-system-events-6416
rspec-system-events.yml,8254466416,rspec-system-events,completed,failure,rspec-system-events-6416
rspec-system-events.yml,8254466416,rspec-system-events,completed,failure,rspec-system-events-6416
rspec-system-events.yml,8254466416,rspec-system-events,completed,failure,rspec-system-events-6416
rspec-system-events.yml,8254466416,rspec-system-events,completed,failure,rspec-system-events-6416
rspec-system-events.yml,8254466416,rspec-system-events,completed,failure,rspec-system-events-6416
rspec-system-events.yml,8244727465,rspec-system-events,completed,failure,rspec-system-events-7465
rspec-system-events.yml,8244727465,rspec-system-events,completed,failure,rspec-system-events-7465
rspec-system-events.yml,8244727465,rspec-system-events,completed,failure,rspec-system-events-7465
rspec-system-events.yml,8244727465,rspec-system-events,completed,failure,rspec-system-events-7465
rspec-system-events.yml,8244727465,rspec-system-events,completed,failure,rspec-system-events-7465
rspec-system-events.yml,8244727465,rspec-system-events,completed,failure,rspec-system-events-7465
rspec-system-events.yml,8244727465,rspec-system-events,completed,failure,rspec-system-events-7465
rspec-system-events.yml,8244637825,rspec-system-events,completed,failure,rspec-system-events-7825
rspec-system-events.yml,8244637825,rspec-system-events,completed,failure,rspec-system-events-7825
rspec-system-events.yml,8244637825,rspec-system-events,completed,failure,rspec-system-events-7825
rspec-system-events.yml,8244637825,rspec-system-events,completed,failure,rspec-system-events-7825
rspec-system-events.yml,8244637825,rspec-system-events,completed,failure,rspec-system-events-7825
rspec-system-events.yml,8244637825,rspec-system-events,completed,failure,rspec-system-events-7825
rspec-system-events.yml,8244637825,rspec-system-events,completed,failure,rspec-system-events-7825
rspec-system-events.yml,8244634638,rspec-system-events,completed,failure,rspec-system-events-4638
rspec-system-events.yml,8244634638,rspec-system-events,completed,failure,rspec-system-events-4638
rspec-system-events.yml,8244634638,rspec-system-events,completed,failure,rspec-system-events-4638
rspec-system-events.yml,8244634638,rspec-system-events,completed,failure,rspec-system-events-4638
rspec-system-events.yml,8244634638,rspec-system-events,completed,failure,rspec-system-events-4638
rspec-system-events.yml,8244634638,rspec-system-events,completed,failure,rspec-system-events-4638
rspec-system-events.yml,8244634638,rspec-system-events,completed,failure,rspec-system-events-4638
rspec-system-events.yml,8244531648,rspec-system-events,completed,failure,rspec-system-events-1648
rspec-system-events.yml,8244531648,rspec-system-events,completed,failure,rspec-system-events-1648
rspec-system-events.yml,8244531648,rspec-system-events,completed,failure,rspec-system-events-1648
rspec-system-events.yml,8244531648,rspec-system-events,completed,failure,rspec-system-events-1648
rspec-system-events.yml,8244531648,rspec-system-events,completed,failure,rspec-system-events-1648
rspec-system-events.yml,8244531648,rspec-system-events,completed,failure,rspec-system-events-1648
rspec-system-events.yml,8244531648,rspec-system-events,completed,failure,rspec-system-events-1648
rspec-system-events.yml,8244511107,rspec-system-events,completed,failure,rspec-system-events-1107
rspec-system-events.yml,8244511107,rspec-system-events,completed,failure,rspec-system-events-1107
rspec-system-events.yml,8244511107,rspec-system-events,completed,failure,rspec-system-events-1107
rspec-system-events.yml,8244511107,rspec-system-events,completed,failure,rspec-system-events-1107
rspec-system-events.yml,8244511107,rspec-system-events,completed,failure,rspec-system-events-1107
rspec-system-events.yml,8244511107,rspec-system-events,completed,failure,rspec-system-events-1107
rspec-system-events.yml,8244511107,rspec-system-events,completed,failure,rspec-system-events-1107
rspec-system-events.yml,8244488032,rspec-system-events,completed,failure,rspec-system-events-8032
rspec-system-events.yml,8244488032,rspec-system-events,completed,failure,rspec-system-events-8032
rspec-system-events.yml,8244488032,rspec-system-events,completed,failure,rspec-system-events-8032
rspec-system-events.yml,8244488032,rspec-system-events,completed,failure,rspec-system-events-8032
rspec-system-events.yml,8244488032,rspec-system-events,completed,failure,rspec-system-events-8032
rspec-system-events.yml,8244488032,rspec-system-events,completed,failure,rspec-system-events-8032
rspec-system-events.yml,8244488032,rspec-system-events,completed,failure,rspec-system-events-8032
rspec-system-events.yml,8241674189,rspec-system-events,completed,failure,rspec-system-events-4189
rspec-system-events.yml,8241674189,rspec-system-events,completed,failure,rspec-system-events-4189
rspec-system-events.yml,8241674189,rspec-system-events,completed,failure,rspec-system-events-4189
rspec-system-events.yml,8241674189,rspec-system-events,completed,failure,rspec-system-events-4189
rspec-system-events.yml,8241674189,rspec-system-events,completed,failure,rspec-system-events-4189
rspec-system-events.yml,8241674189,rspec-system-events,completed,failure,rspec-system-events-4189
rspec-system-events.yml,8241674189,rspec-system-events,completed,failure,rspec-system-events-4189
rspec-system-events.yml,8240207427,rspec-system-events,completed,failure,rspec-system-events-7427
rspec-system-events.yml,8240207427,rspec-system-events,completed,failure,rspec-system-events-7427
rspec-system-events.yml,8240207427,rspec-system-events,completed,failure,rspec-system-events-7427
rspec-system-events.yml,8240207427,rspec-system-events,completed,failure,rspec-system-events-7427
rspec-system-events.yml,8240207427,rspec-system-events,completed,failure,rspec-system-events-7427
rspec-system-events.yml,8240207427,rspec-system-events,completed,failure,rspec-system-events-7427
rspec-system-events.yml,8240207427,rspec-system-events,completed,failure,rspec-system-events-7427
rspec-system.yml,8269368561,rspec-system,completed,failure,rspec-system-8561
rspec-system.yml,8269368561,rspec-system,completed,failure,rspec-system-8561
rspec-system.yml,8269368561,rspec-system,completed,failure,rspec-system-8561
rspec-system.yml,8269368561,rspec-system,completed,failure,rspec-system-8561
rspec-system.yml,8269368561,rspec-system,completed,failure,rspec-system-8561
rspec-system.yml,8269368561,rspec-system,completed,failure,rspec-system-8561
rspec-system.yml,8269368561,rspec-system,completed,failure,rspec-system-8561
rspec-system.yml,8265431335,rspec-system,completed,failure,rspec-system-1335
rspec-system.yml,8265431335,rspec-system,completed,failure,rspec-system-1335
rspec-system.yml,8265431335,rspec-system,completed,failure,rspec-system-1335
rspec-system.yml,8265431335,rspec-system,completed,failure,rspec-system-1335
rspec-system.yml,8265431335,rspec-system,completed,failure,rspec-system-1335
rspec-system.yml,8265431335,rspec-system,completed,failure,rspec-system-1335
rspec-system.yml,8265431335,rspec-system,completed,failure,rspec-system-1335
rspec-system.yml,8259177604,rspec-system,completed,failure,rspec-system-7604
rspec-system.yml,8259177604,rspec-system,completed,failure,rspec-system-7604
rspec-system.yml,8259177604,rspec-system,completed,failure,rspec-system-7604
rspec-system.yml,8259177604,rspec-system,completed,failure,rspec-system-7604
rspec-system.yml,8259177604,rspec-system,completed,failure,rspec-system-7604
rspec-system.yml,8259177604,rspec-system,completed,failure,rspec-system-7604
rspec-system.yml,8259177604,rspec-system,completed,failure,rspec-system-7604
rspec-system.yml,8256286176,rspec-system,completed,failure,rspec-system-6176
rspec-system.yml,8256286176,rspec-system,completed,failure,rspec-system-6176
rspec-system.yml,8256286176,rspec-system,completed,failure,rspec-system-6176
rspec-system.yml,8256286176,rspec-system,completed,failure,rspec-system-6176
rspec-system.yml,8256286176,rspec-system,completed,failure,rspec-system-6176
rspec-system.yml,8256286176,rspec-system,completed,failure,rspec-system-6176
rspec-system.yml,8256286176,rspec-system,completed,failure,rspec-system-6176
rspec-system.yml,8256232336,rspec-system,completed,failure,rspec-system-2336
rspec-system.yml,8256232336,rspec-system,completed,failure,rspec-system-2336
rspec-system.yml,8256232336,rspec-system,completed,failure,rspec-system-2336
rspec-system.yml,8256232336,rspec-system,completed,failure,rspec-system-2336
rspec-system.yml,8256232336,rspec-system,completed,failure,rspec-system-2336
rspec-system.yml,8256232336,rspec-system,completed,failure,rspec-system-2336
rspec-system.yml,8256232336,rspec-system,completed,failure,rspec-system-2336
rspec-system.yml,8256113329,rspec-system,completed,failure,rspec-system-3329
rspec-system.yml,8256113329,rspec-system,completed,failure,rspec-system-3329
rspec-system.yml,8256113329,rspec-system,completed,failure,rspec-system-3329
rspec-system.yml,8256113329,rspec-system,completed,failure,rspec-system-3329
rspec-system.yml,8256113329,rspec-system,completed,failure,rspec-system-3329
rspec-system.yml,8256113329,rspec-system,completed,failure,rspec-system-3329
rspec-system.yml,8256113329,rspec-system,completed,failure,rspec-system-3329
rspec-system.yml,8254466415,rspec-system,completed,failure,rspec-system-6415
rspec-system.yml,8254466415,rspec-system,completed,failure,rspec-system-6415
rspec-system.yml,8254466415,rspec-system,completed,failure,rspec-system-6415
rspec-system.yml,8254466415,rspec-system,completed,failure,rspec-system-6415
rspec-system.yml,8254466415,rspec-system,completed,failure,rspec-system-6415
rspec-system.yml,8254466415,rspec-system,completed,failure,rspec-system-6415
rspec-system.yml,8254466415,rspec-system,completed,failure,rspec-system-6415
rspec-system.yml,8244637831,rspec-system,completed,failure,rspec-system-7831
rspec-system.yml,8244637831,rspec-system,completed,failure,rspec-system-7831
rspec-system.yml,8244637831,rspec-system,completed,failure,rspec-system-7831
rspec-system.yml,8244637831,rspec-system,completed,failure,rspec-system-7831
rspec-system.yml,8244637831,rspec-system,completed,failure,rspec-system-7831
rspec-system.yml,8244637831,rspec-system,completed,failure,rspec-system-7831
rspec-system.yml,8244637831,rspec-system,completed,failure,rspec-system-7831
rspec-system.yml,8244634631,rspec-system,completed,failure,rspec-system-4631
rspec-system.yml,8244634631,rspec-system,completed,failure,rspec-system-4631
rspec-system.yml,8244634631,rspec-system,completed,failure,rspec-system-4631
rspec-system.yml,8244634631,rspec-system,completed,failure,rspec-system-4631
rspec-system.yml,8244634631,rspec-system,completed,failure,rspec-system-4631
rspec-system.yml,8244634631,rspec-system,completed,failure,rspec-system-4631
rspec-system.yml,8244634631,rspec-system,completed,failure,rspec-system-4631
rspec-system.yml,8244531649,rspec-system,completed,failure,rspec-system-1649
rspec-system.yml,8244531649,rspec-system,completed,failure,rspec-system-1649
rspec-system.yml,8244531649,rspec-system,completed,failure,rspec-system-1649
rspec-system.yml,8244531649,rspec-system,completed,failure,rspec-system-1649
rspec-system.yml,8244531649,rspec-system,completed,failure,rspec-system-1649
rspec-system.yml,8244531649,rspec-system,completed,failure,rspec-system-1649
rspec-system.yml,8244531649,rspec-system,completed,failure,rspec-system-1649
rspec-system.yml,8244511111,rspec-system,completed,failure,rspec-system-1111
rspec-system.yml,8244511111,rspec-system,completed,failure,rspec-system-1111
rspec-system.yml,8244511111,rspec-system,completed,failure,rspec-system-1111
rspec-system.yml,8244511111,rspec-system,completed,failure,rspec-system-1111
rspec-system.yml,8244511111,rspec-system,completed,failure,rspec-system-1111
rspec-system.yml,8244511111,rspec-system,completed,failure,rspec-system-1111
rspec-system.yml,8244511111,rspec-system,completed,failure,rspec-system-1111
rspec-system.yml,8244488042,rspec-system,completed,failure,rspec-system-8042
rspec-system.yml,8244488042,rspec-system,completed,failure,rspec-system-8042
rspec-system.yml,8244488042,rspec-system,completed,failure,rspec-system-8042
rspec-system.yml,8244488042,rspec-system,completed,failure,rspec-system-8042
rspec-system.yml,8244488042,rspec-system,completed,failure,rspec-system-8042
rspec-system.yml,8244488042,rspec-system,completed,failure,rspec-system-8042
rspec-system.yml,8244488042,rspec-system,completed,failure,rspec-system-8042
rspec-system.yml,8241806499,rspec-system,completed,failure,rspec-system-6499
rspec-system.yml,8241806499,rspec-system,completed,failure,rspec-system-6499
rspec-system.yml,8241806499,rspec-system,completed,failure,rspec-system-6499
rspec-system.yml,8241806499,rspec-system,completed,failure,rspec-system-6499
rspec-system.yml,8241806499,rspec-system,completed,failure,rspec-system-6499
rspec-system.yml,8241806499,rspec-system,completed,failure,rspec-system-6499
rspec-system.yml,8241806499,rspec-system,completed,failure,rspec-system-6499
rspec-system.yml,8237332336,rspec-system,completed,failure,rspec-system-2336
rspec-system.yml,8237332336,rspec-system,completed,failure,rspec-system-2336
rspec-system.yml,8237332336,rspec-system,completed,failure,rspec-system-2336
rspec-system.yml,8237332336,rspec-system,completed,failure,rspec-system-2336
rspec-system.yml,8237332336,rspec-system,completed,failure,rspec-system-2336
rspec-system.yml,8237332336,rspec-system,completed,failure,rspec-system-2336
rspec-system.yml,8237332336,rspec-system,completed,failure,rspec-system-2336
rspec-system.yml,8235197715,rspec-system,completed,failure,rspec-system-7715
rspec-system.yml,8235197715,rspec-system,completed,failure,rspec-system-7715
rspec-system.yml,8235197715,rspec-system,completed,failure,rspec-system-7715
rspec-system.yml,8235197715,rspec-system,completed,failure,rspec-system-7715
rspec-system.yml,8235197715,rspec-system,completed,failure,rspec-system-7715
rspec-system.yml,8235197715,rspec-system,completed,failure,rspec-system-7715
rspec-system.yml,8235197715,rspec-system,completed,failure,rspec-system-7715
rspec-system.yml,8227825304,rspec-system,completed,failure,rspec-system-5304
rspec-system.yml,8227825304,rspec-system,completed,failure,rspec-system-5304
rspec-system.yml,8227825304,rspec-system,completed,failure,rspec-system-5304
rspec-system.yml,8227825304,rspec-system,completed,failure,rspec-system-5304
rspec-system.yml,8227825304,rspec-system,completed,failure,rspec-system-5304
rspec-system.yml,8227825304,rspec-system,completed,failure,rspec-system-5304
rspec-system.yml,8227825304,rspec-system,completed,failure,rspec-system-5304
rspec-system.yml,8227818353,rspec-system,completed,failure,rspec-system-8353
rspec-system.yml,8227818353,rspec-system,completed,failure,rspec-system-8353
rspec-system.yml,8227818353,rspec-system,completed,failure,rspec-system-8353
rspec-system.yml,8227818353,rspec-system,completed,failure,rspec-system-8353
rspec-system.yml,8227818353,rspec-system,completed,failure,rspec-system-8353
rspec-system.yml,8227818353,rspec-system,completed,failure,rspec-system-8353
rspec-system.yml,8227818353,rspec-system,completed,failure,rspec-system-8353
rspec-system.yml,8227713267,rspec-system,completed,failure,rspec-system-3267
rspec-system.yml,8227713267,rspec-system,completed,failure,rspec-system-3267
rspec-system.yml,8227713267,rspec-system,completed,failure,rspec-system-3267
rspec-system.yml,8227713267,rspec-system,completed,failure,rspec-system-3267
rspec-system.yml,8227713267,rspec-system,completed,failure,rspec-system-3267
rspec-system.yml,8227713267,rspec-system,completed,failure,rspec-system-3267
rspec-system.yml,8227713267,rspec-system,completed,failure,rspec-system-3267
rspec-system.yml,8227579265,rspec-system,completed,failure,rspec-system-9265
rspec-system.yml,8227579265,rspec-system,completed,failure,rspec-system-9265
rspec-system.yml,8227579265,rspec-system,completed,failure,rspec-system-9265
rspec-system.yml,8227579265,rspec-system,completed,failure,rspec-system-9265
rspec-system.yml,8227579265,rspec-system,completed,failure,rspec-system-9265
rspec-system.yml,8227579265,rspec-system,completed,failure,rspec-system-9265
rspec-system.yml,8227579265,rspec-system,completed,failure,rspec-system-9265
rspec-system.yml,8227568718,rspec-system,completed,failure,rspec-system-8718
rspec-system.yml,8227568718,rspec-system,completed,failure,rspec-system-8718
rspec-system.yml,8227568718,rspec-system,completed,failure,rspec-system-8718
rspec-system.yml,8227568718,rspec-system,completed,failure,rspec-system-8718
rspec-system.yml,8227568718,rspec-system,completed,failure,rspec-system-8718
rspec-system.yml,8227568718,rspec-system,completed,failure,rspec-system-8718
rspec-system.yml,8227568718,rspec-system,completed,failure,rspec-system-8718
rspec-system.yml,8227504490,rspec-system,completed,failure,rspec-system-4490
rspec-system.yml,8227504490,rspec-system,completed,failure,rspec-system-4490
rspec-system.yml,8227504490,rspec-system,completed,failure,rspec-system-4490
rspec-system.yml,8227504490,rspec-system,completed,failure,rspec-system-4490
rspec-system.yml,8227504490,rspec-system,completed,failure,rspec-system-4490
rspec-system.yml,8227504490,rspec-system,completed,failure,rspec-system-4490
rspec-system.yml,8227504490,rspec-system,completed,failure,rspec-system-4490
rspec-system.yml,8227339371,rspec-system,completed,failure,rspec-system-9371
rspec-system.yml,8227339371,rspec-system,completed,failure,rspec-system-9371
rspec-system.yml,8227339371,rspec-system,completed,failure,rspec-system-9371
rspec-system.yml,8227339371,rspec-system,completed,failure,rspec-system-9371
rspec-system.yml,8227339371,rspec-system,completed,failure,rspec-system-9371
rspec-system.yml,8227339371,rspec-system,completed,failure,rspec-system-9371
rspec-system.yml,8227339371,rspec-system,completed,failure,rspec-system-9371
rspec-system.yml,8223324899,rspec-system,completed,failure,rspec-system-4899
rspec-system.yml,8223324899,rspec-system,completed,failure,rspec-system-4899
rspec-system.yml,8223324899,rspec-system,completed,failure,rspec-system-4899
rspec-system.yml,8223324899,rspec-system,completed,failure,rspec-system-4899
rspec-system.yml,8223324899,rspec-system,completed,failure,rspec-system-4899
rspec-system.yml,8223324899,rspec-system,completed,failure,rspec-system-4899
rspec-system.yml,8223324899,rspec-system,completed,failure,rspec-system-4899
rspec-system.yml,8223317620,rspec-system,completed,failure,rspec-system-7620
rspec-system.yml,8223317620,rspec-system,completed,failure,rspec-system-7620
rspec-system.yml,8223317620,rspec-system,completed,failure,rspec-system-7620
rspec-system.yml,8223317620,rspec-system,completed,failure,rspec-system-7620
rspec-system.yml,8223317620,rspec-system,completed,failure,rspec-system-7620
rspec-system.yml,8223317620,rspec-system,completed,failure,rspec-system-7620
rspec-system.yml,8223317620,rspec-system,completed,failure,rspec-system-7620
rspec-system.yml,8223148337,rspec-system,completed,failure,rspec-system-8337
rspec-system.yml,8223148337,rspec-system,completed,failure,rspec-system-8337
rspec-system.yml,8223148337,rspec-system,completed,failure,rspec-system-8337
rspec-system.yml,8223148337,rspec-system,completed,failure,rspec-system-8337
rspec-system.yml,8223148337,rspec-system,completed,failure,rspec-system-8337
rspec-system.yml,8223148337,rspec-system,completed,failure,rspec-system-8337
rspec-system.yml,8223148337,rspec-system,completed,failure,rspec-system-8337
rspec-system.yml,8222847295,rspec-system,completed,failure,rspec-system-7295
rspec-system.yml,8222847295,rspec-system,completed,failure,rspec-system-7295
rspec-system.yml,8222847295,rspec-system,completed,failure,rspec-system-7295
rspec-system.yml,8222847295,rspec-system,completed,failure,rspec-system-7295
rspec-system.yml,8222847295,rspec-system,completed,failure,rspec-system-7295
rspec-system.yml,8222847295,rspec-system,completed,failure,rspec-system-7295
rspec-system.yml,8222847295,rspec-system,completed,failure,rspec-system-7295
rspec-system.yml,8210555485,rspec-system,completed,failure,rspec-system-5485
rspec-system.yml,8210555485,rspec-system,completed,failure,rspec-system-5485
rspec-system.yml,8210555485,rspec-system,completed,failure,rspec-system-5485
rspec-system.yml,8210555485,rspec-system,completed,failure,rspec-system-5485
rspec-system.yml,8210555485,rspec-system,completed,failure,rspec-system-5485
rspec-system.yml,8210555485,rspec-system,completed,failure,rspec-system-5485
rspec-system.yml,8210555485,rspec-system,completed,failure,rspec-system-5485
rspec-system.yml,8208594836,rspec-system,completed,failure,rspec-system-4836
rspec-system.yml,8208594836,rspec-system,completed,failure,rspec-system-4836
rspec-system.yml,8208594836,rspec-system,completed,failure,rspec-system-4836
rspec-system.yml,8208594836,rspec-system,completed,failure,rspec-system-4836
rspec-system.yml,8208594836,rspec-system,completed,failure,rspec-system-4836
rspec-system.yml,8208594836,rspec-system,completed,failure,rspec-system-4836
rspec-system.yml,8208594836,rspec-system,completed,failure,rspec-system-4836
rspec-system.yml,8195215012,rspec-system,completed,failure,rspec-system-5012
rspec-system.yml,8195215012,rspec-system,completed,failure,rspec-system-5012
rspec-system.yml,8195215012,rspec-system,completed,failure,rspec-system-5012
rspec-system.yml,8195215012,rspec-system,completed,failure,rspec-system-5012
rspec-system.yml,8195215012,rspec-system,completed,failure,rspec-system-5012
rspec-system.yml,8195215012,rspec-system,completed,failure,rspec-system-5012
rspec-system.yml,8195215012,rspec-system,completed,failure,rspec-system-5012
rspec-system.yml,8192909260,rspec-system,completed,failure,rspec-system-9260
rspec-system.yml,8192909260,rspec-system,completed,failure,rspec-system-9260
rspec-system.yml,8192909260,rspec-system,completed,failure,rspec-system-9260
rspec-system.yml,8192909260,rspec-system,completed,failure,rspec-system-9260
rspec-system.yml,8192909260,rspec-system,completed,failure,rspec-system-9260
rspec-system.yml,8192909260,rspec-system,completed,failure,rspec-system-9260
rspec-system.yml,8192909260,rspec-system,completed,failure,rspec-system-9260
rspec-system.yml,8181757839,rspec-system,completed,failure,rspec-system-7839
rspec-system.yml,8181757839,rspec-system,completed,failure,rspec-system-7839
rspec-system.yml,8181757839,rspec-system,completed,failure,rspec-system-7839
rspec-system.yml,8181757839,rspec-system,completed,failure,rspec-system-7839
rspec-system.yml,8181757839,rspec-system,completed,failure,rspec-system-7839
rspec-system.yml,8181757839,rspec-system,completed,failure,rspec-system-7839
rspec-system.yml,8181757839,rspec-system,completed,failure,rspec-system-7839
rspec-system.yml,8181705764,rspec-system,completed,failure,rspec-system-5764
rspec-system.yml,8181705764,rspec-system,completed,failure,rspec-system-5764
rspec-system.yml,8181705764,rspec-system,completed,failure,rspec-system-5764
rspec-system.yml,8181705764,rspec-system,completed,failure,rspec-system-5764
rspec-system.yml,8181705764,rspec-system,completed,failure,rspec-system-5764
rspec-system.yml,8181705764,rspec-system,completed,failure,rspec-system-5764
rspec-system.yml,8181705764,rspec-system,completed,failure,rspec-system-5764
rspec-system.yml,8181648118,rspec-system,completed,failure,rspec-system-8118
rspec-system.yml,8181648118,rspec-system,completed,failure,rspec-system-8118
rspec-system.yml,8181648118,rspec-system,completed,failure,rspec-system-8118
rspec-system.yml,8181648118,rspec-system,completed,failure,rspec-system-8118
rspec-system.yml,8181648118,rspec-system,completed,failure,rspec-system-8118
rspec-system.yml,8181648118,rspec-system,completed,failure,rspec-system-8118
rspec-system.yml,8181648118,rspec-system,completed,failure,rspec-system-8118
rspec-system.yml,8181634443,rspec-system,completed,failure,rspec-system-4443
rspec-system.yml,8181634443,rspec-system,completed,failure,rspec-system-4443
rspec-system.yml,8181634443,rspec-system,completed,failure,rspec-system-4443
rspec-system.yml,8181634443,rspec-system,completed,failure,rspec-system-4443
rspec-system.yml,8181634443,rspec-system,completed,failure,rspec-system-4443
rspec-system.yml,8181634443,rspec-system,completed,failure,rspec-system-4443
rspec-system.yml,8181634443,rspec-system,completed,failure,rspec-system-4443
rspec-system.yml,8181483373,rspec-system,completed,failure,rspec-system-3373
rspec-system.yml,8181483373,rspec-system,completed,failure,rspec-system-3373
rspec-system.yml,8181483373,rspec-system,completed,failure,rspec-system-3373
rspec-system.yml,8181483373,rspec-system,completed,failure,rspec-system-3373
rspec-system.yml,8181483373,rspec-system,completed,failure,rspec-system-3373
rspec-system.yml,8181483373,rspec-system,completed,failure,rspec-system-3373
rspec-system.yml,8181483373,rspec-system,completed,failure,rspec-system-3373
rspec-system.yml,8254466415,rspec-system,completed,failure,rspec-system-6415
rspec-system.yml,8254466415,rspec-system,completed,failure,rspec-system-6415
rspec-system.yml,8254466415,rspec-system,completed,failure,rspec-system-6415
rspec-system.yml,8254466415,rspec-system,completed,failure,rspec-system-6415
rspec-system.yml,8254466415,rspec-system,completed,failure,rspec-system-6415
rspec-system.yml,8254466415,rspec-system,completed,failure,rspec-system-6415
rspec-system.yml,8254466415,rspec-system,completed,failure,rspec-system-6415
rspec-system.yml,8244637831,rspec-system,completed,failure,rspec-system-7831
rspec-system.yml,8244637831,rspec-system,completed,failure,rspec-system-7831
rspec-system.yml,8244637831,rspec-system,completed,failure,rspec-system-7831
rspec-system.yml,8244637831,rspec-system,completed,failure,rspec-system-7831
rspec-system.yml,8244637831,rspec-system,completed,failure,rspec-system-7831
rspec-system.yml,8244637831,rspec-system,completed,failure,rspec-system-7831
rspec-system.yml,8244637831,rspec-system,completed,failure,rspec-system-7831
rspec-system.yml,8244634631,rspec-system,completed,failure,rspec-system-4631
rspec-system.yml,8244634631,rspec-system,completed,failure,rspec-system-4631
rspec-system.yml,8244634631,rspec-system,completed,failure,rspec-system-4631
rspec-system.yml,8244634631,rspec-system,completed,failure,rspec-system-4631
rspec-system.yml,8244634631,rspec-system,completed,failure,rspec-system-4631
rspec-system.yml,8244634631,rspec-system,completed,failure,rspec-system-4631
rspec-system.yml,8244634631,rspec-system,completed,failure,rspec-system-4631
rspec-system.yml,8244531649,rspec-system,completed,failure,rspec-system-1649
rspec-system.yml,8244531649,rspec-system,completed,failure,rspec-system-1649
rspec-system.yml,8244531649,rspec-system,completed,failure,rspec-system-1649
rspec-system.yml,8244531649,rspec-system,completed,failure,rspec-system-1649
rspec-system.yml,8244531649,rspec-system,completed,failure,rspec-system-1649
rspec-system.yml,8244531649,rspec-system,completed,failure,rspec-system-1649
rspec-system.yml,8244531649,rspec-system,completed,failure,rspec-system-1649
rspec-system.yml,8244511111,rspec-system,completed,failure,rspec-system-1111
rspec-system.yml,8244511111,rspec-system,completed,failure,rspec-system-1111
rspec-system.yml,8244511111,rspec-system,completed,failure,rspec-system-1111
rspec-system.yml,8244511111,rspec-system,completed,failure,rspec-system-1111
rspec-system.yml,8244511111,rspec-system,completed,failure,rspec-system-1111
rspec-system.yml,8244511111,rspec-system,completed,failure,rspec-system-1111
rspec-system.yml,8244511111,rspec-system,completed,failure,rspec-system-1111
rspec-system.yml,8244488042,rspec-system,completed,failure,rspec-system-8042
rspec-system.yml,8244488042,rspec-system,completed,failure,rspec-system-8042
rspec-system.yml,8244488042,rspec-system,completed,failure,rspec-system-8042
rspec-system.yml,8244488042,rspec-system,completed,failure,rspec-system-8042
rspec-system.yml,8244488042,rspec-system,completed,failure,rspec-system-8042
rspec-system.yml,8244488042,rspec-system,completed,failure,rspec-system-8042
rspec-system.yml,8244488042,rspec-system,completed,failure,rspec-system-8042
rspec-system.yml,8241806499,rspec-system,completed,failure,rspec-system-6499
rspec-system.yml,8241806499,rspec-system,completed,failure,rspec-system-6499
rspec-system.yml,8241806499,rspec-system,completed,failure,rspec-system-6499
rspec-system.yml,8241806499,rspec-system,completed,failure,rspec-system-6499
rspec-system.yml,8241806499,rspec-system,completed,failure,rspec-system-6499
rspec-system.yml,8241806499,rspec-system,completed,failure,rspec-system-6499
rspec-system.yml,8241806499,rspec-system,completed,failure,rspec-system-6499
rspec.yml,8269133354,rspec,completed,failure,rspec-3354
rspec.yml,8269133354,rspec,completed,failure,rspec-3354
rspec.yml,8269133354,rspec,completed,failure,rspec-3354
rspec.yml,8228582005,rspec,completed,failure,rspec-2005
rspec.yml,8228582005,rspec,completed,failure,rspec-2005
rspec.yml,8228582005,rspec,completed,failure,rspec-2005
rspec.yml,8228574690,rspec,completed,failure,rspec-4690
rspec.yml,8228574690,rspec,completed,failure,rspec-4690
rspec.yml,8228574690,rspec,completed,failure,rspec-4690
rspec.yml,8222847298,rspec,completed,failure,rspec-7298
rspec.yml,8222847298,rspec,completed,failure,rspec-7298
rspec.yml,8222847298,rspec,completed,failure,rspec-7298
rspec.yml,8210335640,rspec,completed,failure,rspec-5640
rspec.yml,8210335640,rspec,completed,failure,rspec-5640
rspec.yml,8210335640,rspec,completed,failure,rspec-5640
rspec.yml,8195215007,rspec,completed,failure,rspec-5007
rspec.yml,8195215007,rspec,completed,failure,rspec-5007
rspec.yml,8195215007,rspec,completed,failure,rspec-5007
rspec.yml,8181705769,rspec,completed,failure,rspec-5769
rspec.yml,8181705769,rspec,completed,failure,rspec-5769
rspec.yml,8181705769,rspec,completed,failure,rspec-5769
rspec.yml,8181648126,rspec,completed,failure,rspec-8126
rspec.yml,8181648126,rspec,completed,failure,rspec-8126
rspec.yml,8181648126,rspec,completed,failure,rspec-8126
rspec.yml,8181634450,rspec,completed,failure,rspec-4450
rspec.yml,8181634450,rspec,completed,failure,rspec-4450
rspec.yml,8181634450,rspec,completed,failure,rspec-4450
rspec.yml,8181483366,rspec,completed,failure,rspec-3366
rspec.yml,8181483366,rspec,completed,failure,rspec-3366
rspec.yml,8181483366,rspec,completed,failure,rspec-3366
ruby_lint.yml,8268425725,rubocop lint,completed,failure,ruby_lint-5725
ruby_lint.yml,8268425725,rubocop lint,completed,failure,ruby_lint-5725
ruby_lint.yml,8244488034,rubocop lint,completed,failure,ruby_lint-8034
ruby_lint.yml,8244488034,rubocop lint,completed,failure,ruby_lint-8034
ruby_lint.yml,8240122486,rubocop lint,completed,failure,ruby_lint-2486
ruby_lint.yml,8240122486,rubocop lint,completed,failure,ruby_lint-2486
ruby_lint.yml,8240119361,rubocop lint,completed,failure,ruby_lint-9361
ruby_lint.yml,8240119361,rubocop lint,completed,failure,ruby_lint-9361
ruby_lint.yml,8240104846,rubocop lint,completed,failure,ruby_lint-4846
ruby_lint.yml,8240104846,rubocop lint,completed,failure,ruby_lint-4846
